<annotation>
	<folder>JPEGImages</folder>
	<filename>10203.png</filename>
	<path>C:\Users\86188\Desktop\JPEGImages\10203.png</path>
	<source>
		<database>Unknown</database>
	</source>
	<size>
		<width>416</width>
		<height>416</height>
		<depth>3</depth>
	</size>
	<segmented>0</segmented>
	<object>
		<name>ren</name>
		<pose>Unspecified</pose>
		<truncated>0</truncated>
		<difficult>0</difficult>
		<bndbox>
			<xmin>357</xmin>
			<ymin>100</ymin>
			<xmax>399</xmax>
			<ymax>176</ymax>
		</bndbox>
	</object>
	<object>
		<name>ren</name>
		<pose>Unspecified</pose>
		<truncated>0</truncated>
		<difficult>0</difficult>
		<bndbox>
			<xmin>228</xmin>
			<ymin>120</ymin>
			<xmax>290</xmax>
			<ymax>266</ymax>
		</bndbox>
	</object>
	<object>
		<name>ren</name>
		<pose>Unspecified</pose>
		<truncated>0</truncated>
		<difficult>0</difficult>
		<bndbox>
			<xmin>90</xmin>
			<ymin>124</ymin>
			<xmax>165</xmax>
			<ymax>297</ymax>
		</bndbox>
	</object>
</annotation>
