<annotation>
	<folder>JPEGImages</folder>
	<filename>10339.png</filename>
	<path>C:\Users\86188\Desktop\JPEGImages\10339.png</path>
	<source>
		<database>Unknown</database>
	</source>
	<size>
		<width>416</width>
		<height>416</height>
		<depth>3</depth>
	</size>
	<segmented>0</segmented>
	<object>
		<name>ren</name>
		<pose>Unspecified</pose>
		<truncated>0</truncated>
		<difficult>0</difficult>
		<bndbox>
			<xmin>257</xmin>
			<ymin>191</ymin>
			<xmax>308</xmax>
			<ymax>293</ymax>
		</bndbox>
	</object>
	<object>
		<name>ren</name>
		<pose>Unspecified</pose>
		<truncated>0</truncated>
		<difficult>0</difficult>
		<bndbox>
			<xmin>334</xmin>
			<ymin>189</ymin>
			<xmax>371</xmax>
			<ymax>243</ymax>
		</bndbox>
	</object>
	<object>
		<name>ren</name>
		<pose>Unspecified</pose>
		<truncated>0</truncated>
		<difficult>0</difficult>
		<bndbox>
			<xmin>119</xmin>
			<ymin>168</ymin>
			<xmax>151</xmax>
			<ymax>227</ymax>
		</bndbox>
	</object>
</annotation>
