<annotation>
	<folder>JPEGImages</folder>
	<filename>10459.png</filename>
	<path>C:\Users\86188\Desktop\JPEGImages\10459.png</path>
	<source>
		<database>Unknown</database>
	</source>
	<size>
		<width>416</width>
		<height>416</height>
		<depth>3</depth>
	</size>
	<segmented>0</segmented>
	<object>
		<name>ren</name>
		<pose>Unspecified</pose>
		<truncated>0</truncated>
		<difficult>0</difficult>
		<bndbox>
			<xmin>103</xmin>
			<ymin>243</ymin>
			<xmax>140</xmax>
			<ymax>322</ymax>
		</bndbox>
	</object>
	<object>
		<name>ren</name>
		<pose>Unspecified</pose>
		<truncated>0</truncated>
		<difficult>0</difficult>
		<bndbox>
			<xmin>74</xmin>
			<ymin>63</ymin>
			<xmax>116</xmax>
			<ymax>116</ymax>
		</bndbox>
	</object>
</annotation>
