<annotation>
	<folder>JPEGImages</folder>
	<filename>10850.png</filename>
	<path>C:\Users\86188\Desktop\JPEGImages\10850.png</path>
	<source>
		<database>Unknown</database>
	</source>
	<size>
		<width>416</width>
		<height>416</height>
		<depth>3</depth>
	</size>
	<segmented>0</segmented>
	<object>
		<name>ren</name>
		<pose>Unspecified</pose>
		<truncated>1</truncated>
		<difficult>0</difficult>
		<bndbox>
			<xmin>373</xmin>
			<ymin>130</ymin>
			<xmax>416</xmax>
			<ymax>207</ymax>
		</bndbox>
	</object>
	<object>
		<name>ren</name>
		<pose>Unspecified</pose>
		<truncated>0</truncated>
		<difficult>0</difficult>
		<bndbox>
			<xmin>171</xmin>
			<ymin>145</ymin>
			<xmax>209</xmax>
			<ymax>240</ymax>
		</bndbox>
	</object>
	<object>
		<name>ren</name>
		<pose>Unspecified</pose>
		<truncated>0</truncated>
		<difficult>0</difficult>
		<bndbox>
			<xmin>252</xmin>
			<ymin>197</ymin>
			<xmax>302</xmax>
			<ymax>336</ymax>
		</bndbox>
	</object>
</annotation>
