<annotation>
	<folder>JPEGImages</folder>
	<filename>10931.png</filename>
	<path>C:\Users\86188\Desktop\JPEGImages\10931.png</path>
	<source>
		<database>Unknown</database>
	</source>
	<size>
		<width>416</width>
		<height>416</height>
		<depth>3</depth>
	</size>
	<segmented>0</segmented>
	<object>
		<name>ren</name>
		<pose>Unspecified</pose>
		<truncated>0</truncated>
		<difficult>0</difficult>
		<bndbox>
			<xmin>125</xmin>
			<ymin>100</ymin>
			<xmax>164</xmax>
			<ymax>215</ymax>
		</bndbox>
	</object>
	<object>
		<name>ren</name>
		<pose>Unspecified</pose>
		<truncated>0</truncated>
		<difficult>0</difficult>
		<bndbox>
			<xmin>263</xmin>
			<ymin>136</ymin>
			<xmax>328</xmax>
			<ymax>342</ymax>
		</bndbox>
	</object>
</annotation>
