<annotation>
	<folder>JPEGImages</folder>
	<filename>10939.png</filename>
	<path>C:\Users\86188\Desktop\JPEGImages\10939.png</path>
	<source>
		<database>Unknown</database>
	</source>
	<size>
		<width>416</width>
		<height>416</height>
		<depth>3</depth>
	</size>
	<segmented>0</segmented>
	<object>
		<name>ren</name>
		<pose>Unspecified</pose>
		<truncated>1</truncated>
		<difficult>0</difficult>
		<bndbox>
			<xmin>381</xmin>
			<ymin>117</ymin>
			<xmax>416</xmax>
			<ymax>204</ymax>
		</bndbox>
	</object>
	<object>
		<name>ren</name>
		<pose>Unspecified</pose>
		<truncated>0</truncated>
		<difficult>0</difficult>
		<bndbox>
			<xmin>188</xmin>
			<ymin>123</ymin>
			<xmax>223</xmax>
			<ymax>202</ymax>
		</bndbox>
	</object>
	<object>
		<name>ren</name>
		<pose>Unspecified</pose>
		<truncated>0</truncated>
		<difficult>0</difficult>
		<bndbox>
			<xmin>233</xmin>
			<ymin>94</ymin>
			<xmax>283</xmax>
			<ymax>202</ymax>
		</bndbox>
	</object>
</annotation>
