<annotation>
	<folder>JPEGImages</folder>
	<filename>11076.png</filename>
	<path>C:\Users\86188\Desktop\JPEGImages\11076.png</path>
	<source>
		<database>Unknown</database>
	</source>
	<size>
		<width>416</width>
		<height>416</height>
		<depth>3</depth>
	</size>
	<segmented>0</segmented>
	<object>
		<name>ren</name>
		<pose>Unspecified</pose>
		<truncated>0</truncated>
		<difficult>0</difficult>
		<bndbox>
			<xmin>66</xmin>
			<ymin>168</ymin>
			<xmax>123</xmax>
			<ymax>247</ymax>
		</bndbox>
	</object>
	<object>
		<name>ren</name>
		<pose>Unspecified</pose>
		<truncated>0</truncated>
		<difficult>0</difficult>
		<bndbox>
			<xmin>319</xmin>
			<ymin>144</ymin>
			<xmax>358</xmax>
			<ymax>241</ymax>
		</bndbox>
	</object>
</annotation>
