<annotation>
	<folder>JPEGImages</folder>
	<filename>11169.png</filename>
	<path>C:\Users\86188\Desktop\JPEGImages\11169.png</path>
	<source>
		<database>Unknown</database>
	</source>
	<size>
		<width>416</width>
		<height>416</height>
		<depth>3</depth>
	</size>
	<segmented>0</segmented>
	<object>
		<name>ren</name>
		<pose>Unspecified</pose>
		<truncated>0</truncated>
		<difficult>0</difficult>
		<bndbox>
			<xmin>225</xmin>
			<ymin>102</ymin>
			<xmax>281</xmax>
			<ymax>208</ymax>
		</bndbox>
	</object>
	<object>
		<name>ren</name>
		<pose>Unspecified</pose>
		<truncated>0</truncated>
		<difficult>0</difficult>
		<bndbox>
			<xmin>100</xmin>
			<ymin>139</ymin>
			<xmax>152</xmax>
			<ymax>223</ymax>
		</bndbox>
	</object>
</annotation>
