<annotation>
	<folder>JPEGImages</folder>
	<filename>11583.png</filename>
	<path>C:\Users\86188\Desktop\JPEGImages\11583.png</path>
	<source>
		<database>Unknown</database>
	</source>
	<size>
		<width>416</width>
		<height>416</height>
		<depth>3</depth>
	</size>
	<segmented>0</segmented>
	<object>
		<name>ren</name>
		<pose>Unspecified</pose>
		<truncated>0</truncated>
		<difficult>0</difficult>
		<bndbox>
			<xmin>33</xmin>
			<ymin>12</ymin>
			<xmax>68</xmax>
			<ymax>61</ymax>
		</bndbox>
	</object>
	<object>
		<name>ren</name>
		<pose>Unspecified</pose>
		<truncated>0</truncated>
		<difficult>0</difficult>
		<bndbox>
			<xmin>50</xmin>
			<ymin>117</ymin>
			<xmax>153</xmax>
			<ymax>347</ymax>
		</bndbox>
	</object>
</annotation>
