<annotation>
	<folder>JPEGImages</folder>
	<filename>11836.png</filename>
	<path>C:\Users\86188\Desktop\JPEGImages\11836.png</path>
	<source>
		<database>Unknown</database>
	</source>
	<size>
		<width>416</width>
		<height>416</height>
		<depth>3</depth>
	</size>
	<segmented>0</segmented>
	<object>
		<name>ren</name>
		<pose>Unspecified</pose>
		<truncated>0</truncated>
		<difficult>0</difficult>
		<bndbox>
			<xmin>42</xmin>
			<ymin>174</ymin>
			<xmax>83</xmax>
			<ymax>245</ymax>
		</bndbox>
	</object>
	<object>
		<name>ren</name>
		<pose>Unspecified</pose>
		<truncated>0</truncated>
		<difficult>0</difficult>
		<bndbox>
			<xmin>307</xmin>
			<ymin>200</ymin>
			<xmax>334</xmax>
			<ymax>254</ymax>
		</bndbox>
	</object>
	<object>
		<name>ren</name>
		<pose>Unspecified</pose>
		<truncated>0</truncated>
		<difficult>0</difficult>
		<bndbox>
			<xmin>137</xmin>
			<ymin>173</ymin>
			<xmax>167</xmax>
			<ymax>234</ymax>
		</bndbox>
	</object>
</annotation>
