<annotation>
	<folder>JPEGImages</folder>
	<filename>1260.png</filename>
	<path>C:\Users\86188\Desktop\JPEGImages\1260.png</path>
	<source>
		<database>Unknown</database>
	</source>
	<size>
		<width>416</width>
		<height>416</height>
		<depth>3</depth>
	</size>
	<segmented>0</segmented>
	<object>
		<name>ren</name>
		<pose>Unspecified</pose>
		<truncated>0</truncated>
		<difficult>0</difficult>
		<bndbox>
			<xmin>100</xmin>
			<ymin>115</ymin>
			<xmax>160</xmax>
			<ymax>258</ymax>
		</bndbox>
	</object>
	<object>
		<name>ren</name>
		<pose>Unspecified</pose>
		<truncated>0</truncated>
		<difficult>0</difficult>
		<bndbox>
			<xmin>289</xmin>
			<ymin>112</ymin>
			<xmax>348</xmax>
			<ymax>276</ymax>
		</bndbox>
	</object>
</annotation>
