<annotation>
	<folder>JPEGImages</folder>
	<filename>12900.png</filename>
	<path>C:\Users\86188\Desktop\JPEGImages\12900.png</path>
	<source>
		<database>Unknown</database>
	</source>
	<size>
		<width>416</width>
		<height>416</height>
		<depth>3</depth>
	</size>
	<segmented>0</segmented>
	<object>
		<name>ren</name>
		<pose>Unspecified</pose>
		<truncated>0</truncated>
		<difficult>0</difficult>
		<bndbox>
			<xmin>310</xmin>
			<ymin>76</ymin>
			<xmax>401</xmax>
			<ymax>305</ymax>
		</bndbox>
	</object>
	<object>
		<name>ren</name>
		<pose>Unspecified</pose>
		<truncated>0</truncated>
		<difficult>0</difficult>
		<bndbox>
			<xmin>188</xmin>
			<ymin>49</ymin>
			<xmax>251</xmax>
			<ymax>175</ymax>
		</bndbox>
	</object>
</annotation>
