<annotation>
	<folder>JPEGImages</folder>
	<filename>13163.png</filename>
	<path>C:\Users\86188\Desktop\JPEGImages\13163.png</path>
	<source>
		<database>Unknown</database>
	</source>
	<size>
		<width>416</width>
		<height>416</height>
		<depth>3</depth>
	</size>
	<segmented>0</segmented>
	<object>
		<name>ren</name>
		<pose>Unspecified</pose>
		<truncated>0</truncated>
		<difficult>0</difficult>
		<bndbox>
			<xmin>114</xmin>
			<ymin>139</ymin>
			<xmax>156</xmax>
			<ymax>246</ymax>
		</bndbox>
	</object>
</annotation>
