<annotation>
	<folder>JPEGImages</folder>
	<filename>13635.png</filename>
	<path>C:\Users\86188\Desktop\JPEGImages\13635.png</path>
	<source>
		<database>Unknown</database>
	</source>
	<size>
		<width>416</width>
		<height>416</height>
		<depth>3</depth>
	</size>
	<segmented>0</segmented>
	<object>
		<name>ren</name>
		<pose>Unspecified</pose>
		<truncated>0</truncated>
		<difficult>0</difficult>
		<bndbox>
			<xmin>337</xmin>
			<ymin>147</ymin>
			<xmax>372</xmax>
			<ymax>229</ymax>
		</bndbox>
	</object>
	<object>
		<name>ren</name>
		<pose>Unspecified</pose>
		<truncated>0</truncated>
		<difficult>0</difficult>
		<bndbox>
			<xmin>74</xmin>
			<ymin>157</ymin>
			<xmax>140</xmax>
			<ymax>251</ymax>
		</bndbox>
	</object>
</annotation>
