<annotation>
	<folder>JPEGImages</folder>
	<filename>13736.png</filename>
	<path>C:\Users\86188\Desktop\JPEGImages\13736.png</path>
	<source>
		<database>Unknown</database>
	</source>
	<size>
		<width>416</width>
		<height>416</height>
		<depth>3</depth>
	</size>
	<segmented>0</segmented>
	<object>
		<name>ren</name>
		<pose>Unspecified</pose>
		<truncated>0</truncated>
		<difficult>0</difficult>
		<bndbox>
			<xmin>146</xmin>
			<ymin>163</ymin>
			<xmax>178</xmax>
			<ymax>226</ymax>
		</bndbox>
	</object>
	<object>
		<name>ren</name>
		<pose>Unspecified</pose>
		<truncated>0</truncated>
		<difficult>0</difficult>
		<bndbox>
			<xmin>226</xmin>
			<ymin>114</ymin>
			<xmax>247</xmax>
			<ymax>161</ymax>
		</bndbox>
	</object>
	<object>
		<name>ren</name>
		<pose>Unspecified</pose>
		<truncated>0</truncated>
		<difficult>0</difficult>
		<bndbox>
			<xmin>281</xmin>
			<ymin>131</ymin>
			<xmax>307</xmax>
			<ymax>192</ymax>
		</bndbox>
	</object>
</annotation>
