<annotation>
	<folder>JPEGImages</folder>
	<filename>13836.png</filename>
	<path>C:\Users\86188\Desktop\JPEGImages\13836.png</path>
	<source>
		<database>Unknown</database>
	</source>
	<size>
		<width>416</width>
		<height>416</height>
		<depth>3</depth>
	</size>
	<segmented>0</segmented>
	<object>
		<name>ren</name>
		<pose>Unspecified</pose>
		<truncated>1</truncated>
		<difficult>0</difficult>
		<bndbox>
			<xmin>400</xmin>
			<ymin>263</ymin>
			<xmax>416</xmax>
			<ymax>287</ymax>
		</bndbox>
	</object>
	<object>
		<name>ren</name>
		<pose>Unspecified</pose>
		<truncated>0</truncated>
		<difficult>0</difficult>
		<bndbox>
			<xmin>256</xmin>
			<ymin>120</ymin>
			<xmax>331</xmax>
			<ymax>270</ymax>
		</bndbox>
	</object>
</annotation>
