<annotation>
	<folder>JPEGImages</folder>
	<filename>13903.png</filename>
	<path>C:\Users\86188\Desktop\JPEGImages\13903.png</path>
	<source>
		<database>Unknown</database>
	</source>
	<size>
		<width>416</width>
		<height>416</height>
		<depth>3</depth>
	</size>
	<segmented>0</segmented>
	<object>
		<name>ren</name>
		<pose>Unspecified</pose>
		<truncated>1</truncated>
		<difficult>0</difficult>
		<bndbox>
			<xmin>1</xmin>
			<ymin>1</ymin>
			<xmax>34</xmax>
			<ymax>35</ymax>
		</bndbox>
	</object>
	<object>
		<name>ren</name>
		<pose>Unspecified</pose>
		<truncated>0</truncated>
		<difficult>0</difficult>
		<bndbox>
			<xmin>38</xmin>
			<ymin>93</ymin>
			<xmax>141</xmax>
			<ymax>315</ymax>
		</bndbox>
	</object>
</annotation>
