<annotation>
	<folder>JPEGImages</folder>
	<filename>14136.png</filename>
	<path>C:\Users\86188\Desktop\JPEGImages\14136.png</path>
	<source>
		<database>Unknown</database>
	</source>
	<size>
		<width>416</width>
		<height>416</height>
		<depth>3</depth>
	</size>
	<segmented>0</segmented>
	<object>
		<name>ren</name>
		<pose>Unspecified</pose>
		<truncated>0</truncated>
		<difficult>0</difficult>
		<bndbox>
			<xmin>85</xmin>
			<ymin>101</ymin>
			<xmax>163</xmax>
			<ymax>258</ymax>
		</bndbox>
	</object>
	<object>
		<name>ren</name>
		<pose>Unspecified</pose>
		<truncated>0</truncated>
		<difficult>0</difficult>
		<bndbox>
			<xmin>212</xmin>
			<ymin>95</ymin>
			<xmax>280</xmax>
			<ymax>259</ymax>
		</bndbox>
	</object>
</annotation>
