<annotation>
	<folder>JPEGImages</folder>
	<filename>14275.png</filename>
	<path>C:\Users\86188\Desktop\JPEGImages\14275.png</path>
	<source>
		<database>Unknown</database>
	</source>
	<size>
		<width>416</width>
		<height>416</height>
		<depth>3</depth>
	</size>
	<segmented>0</segmented>
	<object>
		<name>ren</name>
		<pose>Unspecified</pose>
		<truncated>0</truncated>
		<difficult>0</difficult>
		<bndbox>
			<xmin>44</xmin>
			<ymin>81</ymin>
			<xmax>166</xmax>
			<ymax>304</ymax>
		</bndbox>
	</object>
</annotation>
