<annotation>
	<folder>JPEGImages</folder>
	<filename>15893.png</filename>
	<path>C:\Users\86188\Desktop\JPEGImages\15893.png</path>
	<source>
		<database>Unknown</database>
	</source>
	<size>
		<width>416</width>
		<height>416</height>
		<depth>3</depth>
	</size>
	<segmented>0</segmented>
	<object>
		<name>ren</name>
		<pose>Unspecified</pose>
		<truncated>0</truncated>
		<difficult>0</difficult>
		<bndbox>
			<xmin>234</xmin>
			<ymin>96</ymin>
			<xmax>281</xmax>
			<ymax>221</ymax>
		</bndbox>
	</object>
	<object>
		<name>ren</name>
		<pose>Unspecified</pose>
		<truncated>0</truncated>
		<difficult>0</difficult>
		<bndbox>
			<xmin>121</xmin>
			<ymin>85</ymin>
			<xmax>179</xmax>
			<ymax>224</ymax>
		</bndbox>
	</object>
</annotation>
