<annotation>
	<folder>JPEGImages</folder>
	<filename>1599.png</filename>
	<path>C:\Users\86188\Desktop\JPEGImages\1599.png</path>
	<source>
		<database>Unknown</database>
	</source>
	<size>
		<width>416</width>
		<height>416</height>
		<depth>3</depth>
	</size>
	<segmented>0</segmented>
	<object>
		<name>ren</name>
		<pose>Unspecified</pose>
		<truncated>0</truncated>
		<difficult>0</difficult>
		<bndbox>
			<xmin>219</xmin>
			<ymin>92</ymin>
			<xmax>286</xmax>
			<ymax>258</ymax>
		</bndbox>
	</object>
	<object>
		<name>ren</name>
		<pose>Unspecified</pose>
		<truncated>0</truncated>
		<difficult>0</difficult>
		<bndbox>
			<xmin>94</xmin>
			<ymin>91</ymin>
			<xmax>175</xmax>
			<ymax>254</ymax>
		</bndbox>
	</object>
</annotation>
