<annotation>
	<folder>JPEGImages</folder>
	<filename>16443.png</filename>
	<path>C:\Users\86188\Desktop\JPEGImages\16443.png</path>
	<source>
		<database>Unknown</database>
	</source>
	<size>
		<width>416</width>
		<height>416</height>
		<depth>3</depth>
	</size>
	<segmented>0</segmented>
	<object>
		<name>ren</name>
		<pose>Unspecified</pose>
		<truncated>0</truncated>
		<difficult>0</difficult>
		<bndbox>
			<xmin>34</xmin>
			<ymin>91</ymin>
			<xmax>60</xmax>
			<ymax>178</ymax>
		</bndbox>
	</object>
	<object>
		<name>ren</name>
		<pose>Unspecified</pose>
		<truncated>0</truncated>
		<difficult>0</difficult>
		<bndbox>
			<xmin>129</xmin>
			<ymin>85</ymin>
			<xmax>176</xmax>
			<ymax>238</ymax>
		</bndbox>
	</object>
	<object>
		<name>ren</name>
		<pose>Unspecified</pose>
		<truncated>0</truncated>
		<difficult>0</difficult>
		<bndbox>
			<xmin>256</xmin>
			<ymin>84</ymin>
			<xmax>312</xmax>
			<ymax>271</ymax>
		</bndbox>
	</object>
</annotation>
