<annotation>
	<folder>JPEGImages</folder>
	<filename>16581.png</filename>
	<path>C:\Users\86188\Desktop\JPEGImages\16581.png</path>
	<source>
		<database>Unknown</database>
	</source>
	<size>
		<width>416</width>
		<height>416</height>
		<depth>3</depth>
	</size>
	<segmented>0</segmented>
	<object>
		<name>ren</name>
		<pose>Unspecified</pose>
		<truncated>0</truncated>
		<difficult>0</difficult>
		<bndbox>
			<xmin>36</xmin>
			<ymin>90</ymin>
			<xmax>107</xmax>
			<ymax>309</ymax>
		</bndbox>
	</object>
	<object>
		<name>ren</name>
		<pose>Unspecified</pose>
		<truncated>0</truncated>
		<difficult>0</difficult>
		<bndbox>
			<xmin>202</xmin>
			<ymin>111</ymin>
			<xmax>232</xmax>
			<ymax>196</ymax>
		</bndbox>
	</object>
	<object>
		<name>ren</name>
		<pose>Unspecified</pose>
		<truncated>0</truncated>
		<difficult>0</difficult>
		<bndbox>
			<xmin>339</xmin>
			<ymin>111</ymin>
			<xmax>373</xmax>
			<ymax>206</ymax>
		</bndbox>
	</object>
</annotation>
