<annotation>
	<folder>JPEGImages</folder>
	<filename>16674.png</filename>
	<path>C:\Users\86188\Desktop\JPEGImages\16674.png</path>
	<source>
		<database>Unknown</database>
	</source>
	<size>
		<width>416</width>
		<height>416</height>
		<depth>3</depth>
	</size>
	<segmented>0</segmented>
	<object>
		<name>ren</name>
		<pose>Unspecified</pose>
		<truncated>0</truncated>
		<difficult>0</difficult>
		<bndbox>
			<xmin>238</xmin>
			<ymin>71</ymin>
			<xmax>329</xmax>
			<ymax>244</ymax>
		</bndbox>
	</object>
	<object>
		<name>ren</name>
		<pose>Unspecified</pose>
		<truncated>0</truncated>
		<difficult>0</difficult>
		<bndbox>
			<xmin>125</xmin>
			<ymin>73</ymin>
			<xmax>203</xmax>
			<ymax>249</ymax>
		</bndbox>
	</object>
</annotation>
