<annotation>
	<folder>JPEGImages</folder>
	<filename>16771.png</filename>
	<path>C:\Users\86188\Desktop\JPEGImages\16771.png</path>
	<source>
		<database>Unknown</database>
	</source>
	<size>
		<width>416</width>
		<height>416</height>
		<depth>3</depth>
	</size>
	<segmented>0</segmented>
	<object>
		<name>ren</name>
		<pose>Unspecified</pose>
		<truncated>0</truncated>
		<difficult>0</difficult>
		<bndbox>
			<xmin>265</xmin>
			<ymin>107</ymin>
			<xmax>347</xmax>
			<ymax>296</ymax>
		</bndbox>
	</object>
</annotation>
