<annotation>
	<folder>JPEGImages</folder>
	<filename>16971.png</filename>
	<path>C:\Users\86188\Desktop\JPEGImages\16971.png</path>
	<source>
		<database>Unknown</database>
	</source>
	<size>
		<width>416</width>
		<height>416</height>
		<depth>3</depth>
	</size>
	<segmented>0</segmented>
	<object>
		<name>ren</name>
		<pose>Unspecified</pose>
		<truncated>0</truncated>
		<difficult>0</difficult>
		<bndbox>
			<xmin>49</xmin>
			<ymin>131</ymin>
			<xmax>106</xmax>
			<ymax>267</ymax>
		</bndbox>
	</object>
	<object>
		<name>ren</name>
		<pose>Unspecified</pose>
		<truncated>0</truncated>
		<difficult>0</difficult>
		<bndbox>
			<xmin>330</xmin>
			<ymin>126</ymin>
			<xmax>403</xmax>
			<ymax>298</ymax>
		</bndbox>
	</object>
	<object>
		<name>ren</name>
		<pose>Unspecified</pose>
		<truncated>0</truncated>
		<difficult>0</difficult>
		<bndbox>
			<xmin>104</xmin>
			<ymin>121</ymin>
			<xmax>173</xmax>
			<ymax>316</ymax>
		</bndbox>
	</object>
</annotation>
