<annotation>
	<folder>JPEGImages</folder>
	<filename>17831.png</filename>
	<path>C:\Users\86188\Desktop\JPEGImages\17831.png</path>
	<source>
		<database>Unknown</database>
	</source>
	<size>
		<width>416</width>
		<height>416</height>
		<depth>3</depth>
	</size>
	<segmented>0</segmented>
	<object>
		<name>ren</name>
		<pose>Unspecified</pose>
		<truncated>0</truncated>
		<difficult>0</difficult>
		<bndbox>
			<xmin>242</xmin>
			<ymin>131</ymin>
			<xmax>265</xmax>
			<ymax>195</ymax>
		</bndbox>
	</object>
	<object>
		<name>ren</name>
		<pose>Unspecified</pose>
		<truncated>0</truncated>
		<difficult>0</difficult>
		<bndbox>
			<xmin>207</xmin>
			<ymin>135</ymin>
			<xmax>240</xmax>
			<ymax>197</ymax>
		</bndbox>
	</object>
	<object>
		<name>ren</name>
		<pose>Unspecified</pose>
		<truncated>0</truncated>
		<difficult>0</difficult>
		<bndbox>
			<xmin>108</xmin>
			<ymin>136</ymin>
			<xmax>165</xmax>
			<ymax>307</ymax>
		</bndbox>
	</object>
</annotation>
