<annotation>
	<folder>JPEGImages</folder>
	<filename>17904.png</filename>
	<path>C:\Users\86188\Desktop\JPEGImages\17904.png</path>
	<source>
		<database>Unknown</database>
	</source>
	<size>
		<width>416</width>
		<height>416</height>
		<depth>3</depth>
	</size>
	<segmented>0</segmented>
	<object>
		<name>ren</name>
		<pose>Unspecified</pose>
		<truncated>0</truncated>
		<difficult>0</difficult>
		<bndbox>
			<xmin>224</xmin>
			<ymin>42</ymin>
			<xmax>241</xmax>
			<ymax>80</ymax>
		</bndbox>
	</object>
	<object>
		<name>ren</name>
		<pose>Unspecified</pose>
		<truncated>0</truncated>
		<difficult>0</difficult>
		<bndbox>
			<xmin>6</xmin>
			<ymin>54</ymin>
			<xmax>132</xmax>
			<ymax>320</ymax>
		</bndbox>
	</object>
</annotation>
