<annotation>
	<folder>JPEGImages</folder>
	<filename>18555.png</filename>
	<path>C:\Users\86188\Desktop\JPEGImages\18555.png</path>
	<source>
		<database>Unknown</database>
	</source>
	<size>
		<width>416</width>
		<height>416</height>
		<depth>3</depth>
	</size>
	<segmented>0</segmented>
	<object>
		<name>ren</name>
		<pose>Unspecified</pose>
		<truncated>0</truncated>
		<difficult>0</difficult>
		<bndbox>
			<xmin>44</xmin>
			<ymin>144</ymin>
			<xmax>54</xmax>
			<ymax>173</ymax>
		</bndbox>
	</object>
	<object>
		<name>ren</name>
		<pose>Unspecified</pose>
		<truncated>0</truncated>
		<difficult>0</difficult>
		<bndbox>
			<xmin>374</xmin>
			<ymin>146</ymin>
			<xmax>384</xmax>
			<ymax>170</ymax>
		</bndbox>
	</object>
	<object>
		<name>ren</name>
		<pose>Unspecified</pose>
		<truncated>0</truncated>
		<difficult>0</difficult>
		<bndbox>
			<xmin>243</xmin>
			<ymin>146</ymin>
			<xmax>254</xmax>
			<ymax>174</ymax>
		</bndbox>
	</object>
	<object>
		<name>ren</name>
		<pose>Unspecified</pose>
		<truncated>0</truncated>
		<difficult>0</difficult>
		<bndbox>
			<xmin>170</xmin>
			<ymin>145</ymin>
			<xmax>181</xmax>
			<ymax>173</ymax>
		</bndbox>
	</object>
	<object>
		<name>ren</name>
		<pose>Unspecified</pose>
		<truncated>0</truncated>
		<difficult>0</difficult>
		<bndbox>
			<xmin>147</xmin>
			<ymin>144</ymin>
			<xmax>159</xmax>
			<ymax>173</ymax>
		</bndbox>
	</object>
	<object>
		<name>ren</name>
		<pose>Unspecified</pose>
		<truncated>0</truncated>
		<difficult>0</difficult>
		<bndbox>
			<xmin>184</xmin>
			<ymin>144</ymin>
			<xmax>192</xmax>
			<ymax>173</ymax>
		</bndbox>
	</object>
	<object>
		<name>ren</name>
		<pose>Unspecified</pose>
		<truncated>0</truncated>
		<difficult>0</difficult>
		<bndbox>
			<xmin>122</xmin>
			<ymin>144</ymin>
			<xmax>133</xmax>
			<ymax>181</ymax>
		</bndbox>
	</object>
	<object>
		<name>ren</name>
		<pose>Unspecified</pose>
		<truncated>0</truncated>
		<difficult>0</difficult>
		<bndbox>
			<xmin>157</xmin>
			<ymin>145</ymin>
			<xmax>168</xmax>
			<ymax>173</ymax>
		</bndbox>
	</object>
	<object>
		<name>ren</name>
		<pose>Unspecified</pose>
		<truncated>0</truncated>
		<difficult>0</difficult>
		<bndbox>
			<xmin>279</xmin>
			<ymin>147</ymin>
			<xmax>292</xmax>
			<ymax>174</ymax>
		</bndbox>
	</object>
</annotation>
