<annotation>
	<folder>JPEGImages</folder>
	<filename>1915.png</filename>
	<path>C:\Users\86188\Desktop\JPEGImages\1915.png</path>
	<source>
		<database>Unknown</database>
	</source>
	<size>
		<width>416</width>
		<height>416</height>
		<depth>3</depth>
	</size>
	<segmented>0</segmented>
	<object>
		<name>ren</name>
		<pose>Unspecified</pose>
		<truncated>1</truncated>
		<difficult>0</difficult>
		<bndbox>
			<xmin>1</xmin>
			<ymin>120</ymin>
			<xmax>24</xmax>
			<ymax>198</ymax>
		</bndbox>
	</object>
	<object>
		<name>ren</name>
		<pose>Unspecified</pose>
		<truncated>0</truncated>
		<difficult>0</difficult>
		<bndbox>
			<xmin>90</xmin>
			<ymin>117</ymin>
			<xmax>120</xmax>
			<ymax>193</ymax>
		</bndbox>
	</object>
</annotation>
