<annotation>
	<folder>JPEGImages</folder>
	<filename>19591.png</filename>
	<path>C:\Users\86188\Desktop\JPEGImages\19591.png</path>
	<source>
		<database>Unknown</database>
	</source>
	<size>
		<width>416</width>
		<height>416</height>
		<depth>3</depth>
	</size>
	<segmented>0</segmented>
	<object>
		<name>ren</name>
		<pose>Unspecified</pose>
		<truncated>1</truncated>
		<difficult>0</difficult>
		<bndbox>
			<xmin>383</xmin>
			<ymin>153</ymin>
			<xmax>416</xmax>
			<ymax>243</ymax>
		</bndbox>
	</object>
	<object>
		<name>ren</name>
		<pose>Unspecified</pose>
		<truncated>0</truncated>
		<difficult>0</difficult>
		<bndbox>
			<xmin>79</xmin>
			<ymin>153</ymin>
			<xmax>128</xmax>
			<ymax>248</ymax>
		</bndbox>
	</object>
	<object>
		<name>ren</name>
		<pose>Unspecified</pose>
		<truncated>0</truncated>
		<difficult>0</difficult>
		<bndbox>
			<xmin>278</xmin>
			<ymin>145</ymin>
			<xmax>349</xmax>
			<ymax>243</ymax>
		</bndbox>
	</object>
</annotation>
