<annotation>
	<folder>JPEGImages</folder>
	<filename>20136.png</filename>
	<path>C:\Users\86188\Desktop\JPEGImages\20136.png</path>
	<source>
		<database>Unknown</database>
	</source>
	<size>
		<width>416</width>
		<height>416</height>
		<depth>3</depth>
	</size>
	<segmented>0</segmented>
	<object>
		<name>ren</name>
		<pose>Unspecified</pose>
		<truncated>0</truncated>
		<difficult>0</difficult>
		<bndbox>
			<xmin>108</xmin>
			<ymin>141</ymin>
			<xmax>149</xmax>
			<ymax>200</ymax>
		</bndbox>
	</object>
	<object>
		<name>ren</name>
		<pose>Unspecified</pose>
		<truncated>1</truncated>
		<difficult>0</difficult>
		<bndbox>
			<xmin>381</xmin>
			<ymin>316</ymin>
			<xmax>416</xmax>
			<ymax>369</ymax>
		</bndbox>
	</object>
</annotation>
