<annotation>
	<folder>JPEGImages</folder>
	<filename>20560.png</filename>
	<path>C:\Users\86188\Desktop\JPEGImages\20560.png</path>
	<source>
		<database>Unknown</database>
	</source>
	<size>
		<width>416</width>
		<height>416</height>
		<depth>3</depth>
	</size>
	<segmented>0</segmented>
	<object>
		<name>ren</name>
		<pose>Unspecified</pose>
		<truncated>0</truncated>
		<difficult>0</difficult>
		<bndbox>
			<xmin>20</xmin>
			<ymin>114</ymin>
			<xmax>79</xmax>
			<ymax>240</ymax>
		</bndbox>
	</object>
	<object>
		<name>ren</name>
		<pose>Unspecified</pose>
		<truncated>0</truncated>
		<difficult>0</difficult>
		<bndbox>
			<xmin>132</xmin>
			<ymin>111</ymin>
			<xmax>170</xmax>
			<ymax>225</ymax>
		</bndbox>
	</object>
</annotation>
