<annotation>
	<folder>JPEGImages</folder>
	<filename>20890.png</filename>
	<path>C:\Users\86188\Desktop\JPEGImages\20890.png</path>
	<source>
		<database>Unknown</database>
	</source>
	<size>
		<width>416</width>
		<height>416</height>
		<depth>3</depth>
	</size>
	<segmented>0</segmented>
	<object>
		<name>ren</name>
		<pose>Unspecified</pose>
		<truncated>0</truncated>
		<difficult>0</difficult>
		<bndbox>
			<xmin>355</xmin>
			<ymin>122</ymin>
			<xmax>389</xmax>
			<ymax>189</ymax>
		</bndbox>
	</object>
	<object>
		<name>ren</name>
		<pose>Unspecified</pose>
		<truncated>0</truncated>
		<difficult>0</difficult>
		<bndbox>
			<xmin>104</xmin>
			<ymin>86</ymin>
			<xmax>175</xmax>
			<ymax>247</ymax>
		</bndbox>
	</object>
</annotation>
