<annotation>
	<folder>JPEGImages</folder>
	<filename>20979.png</filename>
	<path>C:\Users\86188\Desktop\JPEGImages\20979.png</path>
	<source>
		<database>Unknown</database>
	</source>
	<size>
		<width>416</width>
		<height>416</height>
		<depth>3</depth>
	</size>
	<segmented>0</segmented>
	<object>
		<name>ren</name>
		<pose>Unspecified</pose>
		<truncated>0</truncated>
		<difficult>0</difficult>
		<bndbox>
			<xmin>277</xmin>
			<ymin>156</ymin>
			<xmax>325</xmax>
			<ymax>265</ymax>
		</bndbox>
	</object>
	<object>
		<name>ren</name>
		<pose>Unspecified</pose>
		<truncated>0</truncated>
		<difficult>0</difficult>
		<bndbox>
			<xmin>332</xmin>
			<ymin>160</ymin>
			<xmax>382</xmax>
			<ymax>272</ymax>
		</bndbox>
	</object>
</annotation>
