<annotation>
	<folder>JPEGImages</folder>
	<filename>20994.png</filename>
	<path>C:\Users\86188\Desktop\JPEGImages\20994.png</path>
	<source>
		<database>Unknown</database>
	</source>
	<size>
		<width>416</width>
		<height>416</height>
		<depth>3</depth>
	</size>
	<segmented>0</segmented>
	<object>
		<name>ren</name>
		<pose>Unspecified</pose>
		<truncated>0</truncated>
		<difficult>0</difficult>
		<bndbox>
			<xmin>71</xmin>
			<ymin>28</ymin>
			<xmax>113</xmax>
			<ymax>95</ymax>
		</bndbox>
	</object>
	<object>
		<name>ren</name>
		<pose>Unspecified</pose>
		<truncated>0</truncated>
		<difficult>0</difficult>
		<bndbox>
			<xmin>42</xmin>
			<ymin>59</ymin>
			<xmax>148</xmax>
			<ymax>314</ymax>
		</bndbox>
	</object>
</annotation>
