<annotation>
	<folder>JPEGImages</folder>
	<filename>21001.png</filename>
	<path>C:\Users\86188\Desktop\JPEGImages\21001.png</path>
	<source>
		<database>Unknown</database>
	</source>
	<size>
		<width>416</width>
		<height>416</height>
		<depth>3</depth>
	</size>
	<segmented>0</segmented>
	<object>
		<name>ren</name>
		<pose>Unspecified</pose>
		<truncated>0</truncated>
		<difficult>0</difficult>
		<bndbox>
			<xmin>353</xmin>
			<ymin>27</ymin>
			<xmax>399</xmax>
			<ymax>142</ymax>
		</bndbox>
	</object>
	<object>
		<name>ren</name>
		<pose>Unspecified</pose>
		<truncated>0</truncated>
		<difficult>0</difficult>
		<bndbox>
			<xmin>146</xmin>
			<ymin>118</ymin>
			<xmax>364</xmax>
			<ymax>184</ymax>
		</bndbox>
	</object>
</annotation>
