<annotation>
	<folder>JPEGImages</folder>
	<filename>21276.png</filename>
	<path>C:\Users\86188\Desktop\JPEGImages\21276.png</path>
	<source>
		<database>Unknown</database>
	</source>
	<size>
		<width>416</width>
		<height>416</height>
		<depth>3</depth>
	</size>
	<segmented>0</segmented>
	<object>
		<name>ren</name>
		<pose>Unspecified</pose>
		<truncated>0</truncated>
		<difficult>0</difficult>
		<bndbox>
			<xmin>273</xmin>
			<ymin>176</ymin>
			<xmax>348</xmax>
			<ymax>306</ymax>
		</bndbox>
	</object>
	<object>
		<name>ren</name>
		<pose>Unspecified</pose>
		<truncated>0</truncated>
		<difficult>0</difficult>
		<bndbox>
			<xmin>110</xmin>
			<ymin>145</ymin>
			<xmax>153</xmax>
			<ymax>238</ymax>
		</bndbox>
	</object>
</annotation>
