<annotation>
	<folder>JPEGImages</folder>
	<filename>21453.png</filename>
	<path>C:\Users\86188\Desktop\JPEGImages\21453.png</path>
	<source>
		<database>Unknown</database>
	</source>
	<size>
		<width>416</width>
		<height>416</height>
		<depth>3</depth>
	</size>
	<segmented>0</segmented>
	<object>
		<name>ren</name>
		<pose>Unspecified</pose>
		<truncated>0</truncated>
		<difficult>0</difficult>
		<bndbox>
			<xmin>117</xmin>
			<ymin>167</ymin>
			<xmax>141</xmax>
			<ymax>242</ymax>
		</bndbox>
	</object>
</annotation>
