<annotation>
	<folder>JPEGImages</folder>
	<filename>21856.png</filename>
	<path>C:\Users\86188\Desktop\JPEGImages\21856.png</path>
	<source>
		<database>Unknown</database>
	</source>
	<size>
		<width>416</width>
		<height>416</height>
		<depth>3</depth>
	</size>
	<segmented>0</segmented>
	<object>
		<name>ren</name>
		<pose>Unspecified</pose>
		<truncated>0</truncated>
		<difficult>0</difficult>
		<bndbox>
			<xmin>72</xmin>
			<ymin>85</ymin>
			<xmax>132</xmax>
			<ymax>203</ymax>
		</bndbox>
	</object>
	<object>
		<name>ren</name>
		<pose>Unspecified</pose>
		<truncated>0</truncated>
		<difficult>0</difficult>
		<bndbox>
			<xmin>284</xmin>
			<ymin>114</ymin>
			<xmax>364</xmax>
			<ymax>301</ymax>
		</bndbox>
	</object>
</annotation>
