<annotation>
	<folder>JPEGImages</folder>
	<filename>22298.png</filename>
	<path>C:\Users\86188\Desktop\JPEGImages\22298.png</path>
	<source>
		<database>Unknown</database>
	</source>
	<size>
		<width>416</width>
		<height>416</height>
		<depth>3</depth>
	</size>
	<segmented>0</segmented>
	<object>
		<name>ren</name>
		<pose>Unspecified</pose>
		<truncated>0</truncated>
		<difficult>0</difficult>
		<bndbox>
			<xmin>344</xmin>
			<ymin>88</ymin>
			<xmax>411</xmax>
			<ymax>262</ymax>
		</bndbox>
	</object>
	<object>
		<name>ren</name>
		<pose>Unspecified</pose>
		<truncated>0</truncated>
		<difficult>0</difficult>
		<bndbox>
			<xmin>147</xmin>
			<ymin>117</ymin>
			<xmax>201</xmax>
			<ymax>272</ymax>
		</bndbox>
	</object>
</annotation>
