<annotation>
	<folder>JPEGImages</folder>
	<filename>22501.png</filename>
	<path>C:\Users\86188\Desktop\JPEGImages\22501.png</path>
	<source>
		<database>Unknown</database>
	</source>
	<size>
		<width>416</width>
		<height>416</height>
		<depth>3</depth>
	</size>
	<segmented>0</segmented>
	<object>
		<name>ren</name>
		<pose>Unspecified</pose>
		<truncated>0</truncated>
		<difficult>0</difficult>
		<bndbox>
			<xmin>155</xmin>
			<ymin>177</ymin>
			<xmax>194</xmax>
			<ymax>259</ymax>
		</bndbox>
	</object>
	<object>
		<name>ren</name>
		<pose>Unspecified</pose>
		<truncated>0</truncated>
		<difficult>0</difficult>
		<bndbox>
			<xmin>278</xmin>
			<ymin>174</ymin>
			<xmax>307</xmax>
			<ymax>249</ymax>
		</bndbox>
	</object>
</annotation>
