<annotation>
	<folder>JPEGImages</folder>
	<filename>22651.png</filename>
	<path>C:\Users\86188\Desktop\JPEGImages\22651.png</path>
	<source>
		<database>Unknown</database>
	</source>
	<size>
		<width>416</width>
		<height>416</height>
		<depth>3</depth>
	</size>
	<segmented>0</segmented>
	<object>
		<name>ren</name>
		<pose>Unspecified</pose>
		<truncated>0</truncated>
		<difficult>0</difficult>
		<bndbox>
			<xmin>281</xmin>
			<ymin>41</ymin>
			<xmax>335</xmax>
			<ymax>185</ymax>
		</bndbox>
	</object>
	<object>
		<name>ren</name>
		<pose>Unspecified</pose>
		<truncated>0</truncated>
		<difficult>0</difficult>
		<bndbox>
			<xmin>32</xmin>
			<ymin>54</ymin>
			<xmax>149</xmax>
			<ymax>332</ymax>
		</bndbox>
	</object>
</annotation>
