<annotation>
	<folder>JPEGImages</folder>
	<filename>22934.png</filename>
	<path>C:\Users\86188\Desktop\JPEGImages\22934.png</path>
	<source>
		<database>Unknown</database>
	</source>
	<size>
		<width>416</width>
		<height>416</height>
		<depth>3</depth>
	</size>
	<segmented>0</segmented>
	<object>
		<name>ren</name>
		<pose>Unspecified</pose>
		<truncated>0</truncated>
		<difficult>0</difficult>
		<bndbox>
			<xmin>161</xmin>
			<ymin>161</ymin>
			<xmax>191</xmax>
			<ymax>230</ymax>
		</bndbox>
	</object>
	<object>
		<name>ren</name>
		<pose>Unspecified</pose>
		<truncated>0</truncated>
		<difficult>0</difficult>
		<bndbox>
			<xmin>126</xmin>
			<ymin>156</ymin>
			<xmax>156</xmax>
			<ymax>222</ymax>
		</bndbox>
	</object>
</annotation>
