<annotation>
	<folder>JPEGImages</folder>
	<filename>22942.png</filename>
	<path>C:\Users\86188\Desktop\JPEGImages\22942.png</path>
	<source>
		<database>Unknown</database>
	</source>
	<size>
		<width>416</width>
		<height>416</height>
		<depth>3</depth>
	</size>
	<segmented>0</segmented>
	<object>
		<name>ren</name>
		<pose>Unspecified</pose>
		<truncated>0</truncated>
		<difficult>0</difficult>
		<bndbox>
			<xmin>96</xmin>
			<ymin>81</ymin>
			<xmax>158</xmax>
			<ymax>207</ymax>
		</bndbox>
	</object>
	<object>
		<name>ren</name>
		<pose>Unspecified</pose>
		<truncated>0</truncated>
		<difficult>0</difficult>
		<bndbox>
			<xmin>298</xmin>
			<ymin>43</ymin>
			<xmax>354</xmax>
			<ymax>160</ymax>
		</bndbox>
	</object>
</annotation>
