<annotation>
	<folder>JPEGImages</folder>
	<filename>23028.png</filename>
	<path>C:\Users\86188\Desktop\JPEGImages\23028.png</path>
	<source>
		<database>Unknown</database>
	</source>
	<size>
		<width>416</width>
		<height>416</height>
		<depth>3</depth>
	</size>
	<segmented>0</segmented>
	<object>
		<name>ren</name>
		<pose>Unspecified</pose>
		<truncated>0</truncated>
		<difficult>0</difficult>
		<bndbox>
			<xmin>218</xmin>
			<ymin>93</ymin>
			<xmax>277</xmax>
			<ymax>235</ymax>
		</bndbox>
	</object>
	<object>
		<name>ren</name>
		<pose>Unspecified</pose>
		<truncated>0</truncated>
		<difficult>0</difficult>
		<bndbox>
			<xmin>331</xmin>
			<ymin>93</ymin>
			<xmax>390</xmax>
			<ymax>230</ymax>
		</bndbox>
	</object>
</annotation>
