<annotation>
	<folder>JPEGImages</folder>
	<filename>23049.png</filename>
	<path>C:\Users\86188\Desktop\JPEGImages\23049.png</path>
	<source>
		<database>Unknown</database>
	</source>
	<size>
		<width>416</width>
		<height>416</height>
		<depth>3</depth>
	</size>
	<segmented>0</segmented>
	<object>
		<name>ren</name>
		<pose>Unspecified</pose>
		<truncated>0</truncated>
		<difficult>0</difficult>
		<bndbox>
			<xmin>266</xmin>
			<ymin>75</ymin>
			<xmax>297</xmax>
			<ymax>152</ymax>
		</bndbox>
	</object>
	<object>
		<name>ren</name>
		<pose>Unspecified</pose>
		<truncated>0</truncated>
		<difficult>0</difficult>
		<bndbox>
			<xmin>252</xmin>
			<ymin>107</ymin>
			<xmax>277</xmax>
			<ymax>174</ymax>
		</bndbox>
	</object>
	<object>
		<name>ren</name>
		<pose>Unspecified</pose>
		<truncated>0</truncated>
		<difficult>0</difficult>
		<bndbox>
			<xmin>47</xmin>
			<ymin>113</ymin>
			<xmax>137</xmax>
			<ymax>330</ymax>
		</bndbox>
	</object>
</annotation>
