<annotation>
	<folder>JPEGImages</folder>
	<filename>23154.png</filename>
	<path>C:\Users\86188\Desktop\JPEGImages\23154.png</path>
	<source>
		<database>Unknown</database>
	</source>
	<size>
		<width>416</width>
		<height>416</height>
		<depth>3</depth>
	</size>
	<segmented>0</segmented>
	<object>
		<name>ren</name>
		<pose>Unspecified</pose>
		<truncated>0</truncated>
		<difficult>0</difficult>
		<bndbox>
			<xmin>241</xmin>
			<ymin>127</ymin>
			<xmax>288</xmax>
			<ymax>258</ymax>
		</bndbox>
	</object>
	<object>
		<name>ren</name>
		<pose>Unspecified</pose>
		<truncated>0</truncated>
		<difficult>0</difficult>
		<bndbox>
			<xmin>291</xmin>
			<ymin>123</ymin>
			<xmax>359</xmax>
			<ymax>256</ymax>
		</bndbox>
	</object>
</annotation>
