<annotation>
	<folder>JPEGImages</folder>
	<filename>23261.png</filename>
	<path>C:\Users\86188\Desktop\JPEGImages\23261.png</path>
	<source>
		<database>Unknown</database>
	</source>
	<size>
		<width>416</width>
		<height>416</height>
		<depth>3</depth>
	</size>
	<segmented>0</segmented>
	<object>
		<name>ren</name>
		<pose>Unspecified</pose>
		<truncated>0</truncated>
		<difficult>0</difficult>
		<bndbox>
			<xmin>264</xmin>
			<ymin>50</ymin>
			<xmax>297</xmax>
			<ymax>108</ymax>
		</bndbox>
	</object>
	<object>
		<name>ren</name>
		<pose>Unspecified</pose>
		<truncated>0</truncated>
		<difficult>0</difficult>
		<bndbox>
			<xmin>245</xmin>
			<ymin>162</ymin>
			<xmax>291</xmax>
			<ymax>269</ymax>
		</bndbox>
	</object>
</annotation>
