<annotation>
	<folder>JPEGImages</folder>
	<filename>23266.png</filename>
	<path>C:\Users\86188\Desktop\JPEGImages\23266.png</path>
	<source>
		<database>Unknown</database>
	</source>
	<size>
		<width>416</width>
		<height>416</height>
		<depth>3</depth>
	</size>
	<segmented>0</segmented>
	<object>
		<name>ren</name>
		<pose>Unspecified</pose>
		<truncated>0</truncated>
		<difficult>0</difficult>
		<bndbox>
			<xmin>187</xmin>
			<ymin>99</ymin>
			<xmax>208</xmax>
			<ymax>162</ymax>
		</bndbox>
	</object>
	<object>
		<name>ren</name>
		<pose>Unspecified</pose>
		<truncated>0</truncated>
		<difficult>0</difficult>
		<bndbox>
			<xmin>254</xmin>
			<ymin>156</ymin>
			<xmax>313</xmax>
			<ymax>266</ymax>
		</bndbox>
	</object>
	<object>
		<name>ren</name>
		<pose>Unspecified</pose>
		<truncated>0</truncated>
		<difficult>0</difficult>
		<bndbox>
			<xmin>43</xmin>
			<ymin>116</ymin>
			<xmax>122</xmax>
			<ymax>299</ymax>
		</bndbox>
	</object>
</annotation>
