<annotation>
	<folder>JPEGImages</folder>
	<filename>23534.png</filename>
	<path>C:\Users\86188\Desktop\JPEGImages\23534.png</path>
	<source>
		<database>Unknown</database>
	</source>
	<size>
		<width>416</width>
		<height>416</height>
		<depth>3</depth>
	</size>
	<segmented>0</segmented>
	<object>
		<name>ren</name>
		<pose>Unspecified</pose>
		<truncated>0</truncated>
		<difficult>0</difficult>
		<bndbox>
			<xmin>273</xmin>
			<ymin>123</ymin>
			<xmax>321</xmax>
			<ymax>212</ymax>
		</bndbox>
	</object>
	<object>
		<name>ren</name>
		<pose>Unspecified</pose>
		<truncated>0</truncated>
		<difficult>0</difficult>
		<bndbox>
			<xmin>248</xmin>
			<ymin>125</ymin>
			<xmax>283</xmax>
			<ymax>212</ymax>
		</bndbox>
	</object>
</annotation>
