<annotation>
	<folder>JPEGImages</folder>
	<filename>24496.png</filename>
	<path>C:\Users\86188\Desktop\JPEGImages\24496.png</path>
	<source>
		<database>Unknown</database>
	</source>
	<size>
		<width>416</width>
		<height>416</height>
		<depth>3</depth>
	</size>
	<segmented>0</segmented>
	<object>
		<name>ren</name>
		<pose>Unspecified</pose>
		<truncated>0</truncated>
		<difficult>0</difficult>
		<bndbox>
			<xmin>46</xmin>
			<ymin>97</ymin>
			<xmax>164</xmax>
			<ymax>277</ymax>
		</bndbox>
	</object>
</annotation>
