<annotation>
	<folder>JPEGImages</folder>
	<filename>25671.png</filename>
	<path>C:\Users\86188\Desktop\JPEGImages\25671.png</path>
	<source>
		<database>Unknown</database>
	</source>
	<size>
		<width>416</width>
		<height>416</height>
		<depth>3</depth>
	</size>
	<segmented>0</segmented>
	<object>
		<name>ren</name>
		<pose>Unspecified</pose>
		<truncated>0</truncated>
		<difficult>0</difficult>
		<bndbox>
			<xmin>113</xmin>
			<ymin>180</ymin>
			<xmax>147</xmax>
			<ymax>263</ymax>
		</bndbox>
	</object>
	<object>
		<name>ren</name>
		<pose>Unspecified</pose>
		<truncated>0</truncated>
		<difficult>0</difficult>
		<bndbox>
			<xmin>278</xmin>
			<ymin>222</ymin>
			<xmax>322</xmax>
			<ymax>295</ymax>
		</bndbox>
	</object>
</annotation>
