<annotation>
	<folder>JPEGImages</folder>
	<filename>26106.png</filename>
	<path>C:\Users\86188\Desktop\JPEGImages\26106.png</path>
	<source>
		<database>Unknown</database>
	</source>
	<size>
		<width>416</width>
		<height>416</height>
		<depth>3</depth>
	</size>
	<segmented>0</segmented>
	<object>
		<name>ren</name>
		<pose>Unspecified</pose>
		<truncated>0</truncated>
		<difficult>0</difficult>
		<bndbox>
			<xmin>144</xmin>
			<ymin>144</ymin>
			<xmax>191</xmax>
			<ymax>204</ymax>
		</bndbox>
	</object>
	<object>
		<name>ren</name>
		<pose>Unspecified</pose>
		<truncated>0</truncated>
		<difficult>0</difficult>
		<bndbox>
			<xmin>214</xmin>
			<ymin>152</ymin>
			<xmax>290</xmax>
			<ymax>231</ymax>
		</bndbox>
	</object>
</annotation>
