<annotation>
	<folder>JPEGImages</folder>
	<filename>26478.png</filename>
	<path>C:\Users\86188\Desktop\JPEGImages\26478.png</path>
	<source>
		<database>Unknown</database>
	</source>
	<size>
		<width>416</width>
		<height>416</height>
		<depth>3</depth>
	</size>
	<segmented>0</segmented>
	<object>
		<name>ren</name>
		<pose>Unspecified</pose>
		<truncated>0</truncated>
		<difficult>0</difficult>
		<bndbox>
			<xmin>127</xmin>
			<ymin>181</ymin>
			<xmax>159</xmax>
			<ymax>253</ymax>
		</bndbox>
	</object>
	<object>
		<name>ren</name>
		<pose>Unspecified</pose>
		<truncated>0</truncated>
		<difficult>0</difficult>
		<bndbox>
			<xmin>99</xmin>
			<ymin>183</ymin>
			<xmax>136</xmax>
			<ymax>277</ymax>
		</bndbox>
	</object>
</annotation>
