<annotation>
	<folder>JPEGImages</folder>
	<filename>2657.png</filename>
	<path>C:\Users\86188\Desktop\JPEGImages\2657.png</path>
	<source>
		<database>Unknown</database>
	</source>
	<size>
		<width>416</width>
		<height>416</height>
		<depth>3</depth>
	</size>
	<segmented>0</segmented>
	<object>
		<name>ren</name>
		<pose>Unspecified</pose>
		<truncated>0</truncated>
		<difficult>0</difficult>
		<bndbox>
			<xmin>309</xmin>
			<ymin>122</ymin>
			<xmax>323</xmax>
			<ymax>157</ymax>
		</bndbox>
	</object>
	<object>
		<name>ren</name>
		<pose>Unspecified</pose>
		<truncated>0</truncated>
		<difficult>0</difficult>
		<bndbox>
			<xmin>64</xmin>
			<ymin>106</ymin>
			<xmax>131</xmax>
			<ymax>301</ymax>
		</bndbox>
	</object>
</annotation>
