<annotation>
	<folder>JPEGImages</folder>
	<filename>26608.png</filename>
	<path>C:\Users\86188\Desktop\JPEGImages\26608.png</path>
	<source>
		<database>Unknown</database>
	</source>
	<size>
		<width>416</width>
		<height>416</height>
		<depth>3</depth>
	</size>
	<segmented>0</segmented>
	<object>
		<name>ren</name>
		<pose>Unspecified</pose>
		<truncated>0</truncated>
		<difficult>0</difficult>
		<bndbox>
			<xmin>106</xmin>
			<ymin>160</ymin>
			<xmax>141</xmax>
			<ymax>222</ymax>
		</bndbox>
	</object>
	<object>
		<name>ren</name>
		<pose>Unspecified</pose>
		<truncated>0</truncated>
		<difficult>0</difficult>
		<bndbox>
			<xmin>294</xmin>
			<ymin>176</ymin>
			<xmax>317</xmax>
			<ymax>231</ymax>
		</bndbox>
	</object>
</annotation>
