<annotation>
	<folder>JPEGImages</folder>
	<filename>26611.png</filename>
	<path>C:\Users\86188\Desktop\JPEGImages\26611.png</path>
	<source>
		<database>Unknown</database>
	</source>
	<size>
		<width>416</width>
		<height>416</height>
		<depth>3</depth>
	</size>
	<segmented>0</segmented>
	<object>
		<name>ren</name>
		<pose>Unspecified</pose>
		<truncated>0</truncated>
		<difficult>0</difficult>
		<bndbox>
			<xmin>299</xmin>
			<ymin>347</ymin>
			<xmax>393</xmax>
			<ymax>415</ymax>
		</bndbox>
	</object>
	<object>
		<name>ren</name>
		<pose>Unspecified</pose>
		<truncated>0</truncated>
		<difficult>0</difficult>
		<bndbox>
			<xmin>132</xmin>
			<ymin>68</ymin>
			<xmax>209</xmax>
			<ymax>239</ymax>
		</bndbox>
	</object>
	<object>
		<name>ren</name>
		<pose>Unspecified</pose>
		<truncated>0</truncated>
		<difficult>0</difficult>
		<bndbox>
			<xmin>222</xmin>
			<ymin>62</ymin>
			<xmax>341</xmax>
			<ymax>237</ymax>
		</bndbox>
	</object>
</annotation>
