<annotation>
	<folder>JPEGImages</folder>
	<filename>26864.png</filename>
	<path>C:\Users\86188\Desktop\JPEGImages\26864.png</path>
	<source>
		<database>Unknown</database>
	</source>
	<size>
		<width>416</width>
		<height>416</height>
		<depth>3</depth>
	</size>
	<segmented>0</segmented>
	<object>
		<name>ren</name>
		<pose>Unspecified</pose>
		<truncated>1</truncated>
		<difficult>0</difficult>
		<bndbox>
			<xmin>201</xmin>
			<ymin>1</ymin>
			<xmax>219</xmax>
			<ymax>30</ymax>
		</bndbox>
	</object>
	<object>
		<name>ren</name>
		<pose>Unspecified</pose>
		<truncated>0</truncated>
		<difficult>0</difficult>
		<bndbox>
			<xmin>200</xmin>
			<ymin>40</ymin>
			<xmax>329</xmax>
			<ymax>303</ymax>
		</bndbox>
	</object>
</annotation>
