<annotation>
	<folder>JPEGImages</folder>
	<filename>26980.png</filename>
	<path>C:\Users\86188\Desktop\JPEGImages\26980.png</path>
	<source>
		<database>Unknown</database>
	</source>
	<size>
		<width>416</width>
		<height>416</height>
		<depth>3</depth>
	</size>
	<segmented>0</segmented>
	<object>
		<name>ren</name>
		<pose>Unspecified</pose>
		<truncated>0</truncated>
		<difficult>0</difficult>
		<bndbox>
			<xmin>65</xmin>
			<ymin>105</ymin>
			<xmax>124</xmax>
			<ymax>236</ymax>
		</bndbox>
	</object>
	<object>
		<name>ren</name>
		<pose>Unspecified</pose>
		<truncated>0</truncated>
		<difficult>0</difficult>
		<bndbox>
			<xmin>158</xmin>
			<ymin>67</ymin>
			<xmax>188</xmax>
			<ymax>170</ymax>
		</bndbox>
	</object>
</annotation>
